<?xml version="1.0" encoding="UTF-8"?>
<Configuration status="ALL">
    <Appenders>
        <Console name="Console" target="SYSTEM_OUT">
            <PatternLayout pattern="%d{HH:mm:ss.SSS} %-5level [%t] %-20c{1} - %msg%n"/>
        </Console>
        <File name="File" fileName="/home/amf/logs/mrud.log" immediateFlush="false" append="false">
            <PatternLayout pattern="%d{HH:mm:ss.SSS} %-5level [%t] %-20c{1} - %msg%n"/>
        </File>
    </Appenders>
    <Loggers>
        <Root level="all">
            <AppenderRef ref="Console"/>
            <AppenderRef ref="File"/>
        </Root>
    </Loggers>
</Configuration>